{"acc": [0.002, 0.0015, 0.002000000037252903, 0.002, 0.0015000000186264515, 0.002, 0.002, 0.0015, 0.002, 0.002, 0.0020000000186264516, 0.002, 0.002, 0.002, 0.002, 0.002000000037252903, 0.002, 0.002, 0.002, 0.0020000000186264516, 0.0020000000186264516, 0.002, 0.002, 0.002, 0.002, 0.002, 0.002000000037252903, 0.0020000000186264516, 0.0020000000186264516, 0.0020000000186264516, 0.0020000000186264516, 0.002, 0.002, 0.0020000000186264516, 0.002, 0.0020000000186264516, 0.002, 0.002, 0.002, 0.002, 0.002, 0.0020000000186264516, 0.002000000037252903, 0.0020000000186264516, 0.002, 0.002, 0.002, 0.002, 0.0020000000186264516, 0.002000000037252903, 0.002, 0.002, 0.002, 0.0020000000186264516, 0.002, 0.002, 0.002, 0.002000000037252903, 0.0020000000186264516, 0.002, 0.002, 0.002, 0.002, 0.002, 0.002, 0.002, 0.0020000000186264516, 0.002, 0.002, 0.0020000000186264516, 0.0020000000186264516, 0.0020000000186264516, 0.002, 0.0020000000186264516, 0.002, 0.002, 0.002, 0.002, 0.002, 0.0020000000186264516, 0.002, 0.0020000000074505806, 0.002, 0.002, 0.002, 0.002, 0.0020000000186264516, 0.002, 0.002, 0.002, 0.0020000000186264516, 0.002, 0.002, 0.002, 0.002, 0.0020000000186264516, 0.002000000037252903, 0.0020000000186264516, 0.002, 0.002], "mean_absolute_error": [0.2551624882221222, 0.21620834994316102, 0.1747836595773697, 0.1688817162513733, 0.16893244993686676, 0.14454730665683746, 0.16407729613780975, 0.1519938930273056, 0.1488998931646347, 0.15154306650161742, 0.1436432020664215, 0.1432844250202179, 0.1425329489707947, 0.14325015157461166, 0.13660657000541687, 0.14357621538639068, 0.13896718764305116, 0.13807644033432007, 0.13885888361930848, 0.12959338128566741, 0.1356154128909111, 0.136003622174263, 0.129531276345253, 0.1291687307357788, 0.1374268934726715, 0.12977441209554672, 0.12998721301555632, 0.12848403745889664, 0.12906542420387268, 0.12767271089553833, 0.12039150780439377, 0.13287157118320464, 0.12361910259723663, 0.12235608816146851, 0.12768897598981857, 0.12436914086341858, 0.1208822415471077, 0.12486962580680847, 0.1226200145483017, 0.1219031822681427, 0.12255322778224945, 0.12308806312084199, 0.11917386597394944, 0.12168081319332123, 0.1241543197631836, 0.11751204144954681, 0.1211542004942894, 0.12139093685150147, 0.1155400602221489, 0.12119158697128296, 0.11419793707132339, 0.12129782474040986, 0.11244240945577622, 0.12089188009500504, 0.11400255697965622, 0.12175824385881424, 0.11307820791006089, 0.11355693930387498, 0.1202010496854782, 0.11472599625587464, 0.11312844121456146, 0.11375519436597824, 0.11392168176174164, 0.11363799864053727, 0.11518040734529496, 0.11191464442014694, 0.11625685024261474, 0.11440064877271652, 0.10822306233644485, 0.11540359896421433, 0.1083768528699875, 0.11014095938205719, 0.11032745856046676, 0.10896691793203354, 0.11211171221733093, 0.10669381028413773, 0.11152786093950272, 0.11482391196489335, 0.10524506843090058, 0.11247898054122925, 0.10530251783132553, 0.11000939738750458, 0.10590395277738571, 0.1102673510313034, 0.10861781126260757, 0.10090358167886734, 0.10877479809522629, 0.09831052523851394, 0.10823237586021424, 0.10058542853593826, 0.10892171782255172, 0.10304364657402039, 0.10249809199571609, 0.10813382756710052, 0.09709531313180923, 0.10521757405996322, 0.0973747233748436, 0.10927067244052888, 0.10324962544441223, 0.09803715884685517], "loss": [0.08735621845722198, 0.06586054462194443, 0.04760476052761078, 0.04538281786441803, 0.04544546321034432, 0.03474195832014084, 0.0431423297226429, 0.03788430193066597, 0.0366956547498703, 0.036916008055210114, 0.034268432080745696, 0.03452670845389366, 0.033881372690200806, 0.03452010963857174, 0.03166229072213173, 0.03371954241394997, 0.032733895242214206, 0.03205898444354534, 0.032401475340127946, 0.02888593716919422, 0.031323605850338936, 0.0319371172785759, 0.02893645238876343, 0.028733604952692986, 0.03234452386200428, 0.028489402443170546, 0.029482873290777208, 0.028458627954125404, 0.029148167178034784, 0.028534496426582335, 0.025396654829382897, 0.030628288045525552, 0.027025503247976302, 0.026279615446925163, 0.028188054516911507, 0.02676730164885521, 0.025644322887063028, 0.02723918679356575, 0.02626535990834236, 0.026106692314147948, 0.026035654231905937, 0.026757628470659257, 0.025282200530171394, 0.02605620886385441, 0.027175919711589815, 0.024308459043502807, 0.02641564720869064, 0.02596723847091198, 0.023986451148986815, 0.02575850573182106, 0.02318731100857258, 0.02624964214861393, 0.022821919828653336, 0.026074649810791016, 0.023122098863124847, 0.025786497443914414, 0.023114525079727173, 0.022802430301904677, 0.025207540333271026, 0.02309499713778496, 0.022920320466160774, 0.022812816947698593, 0.02305437608063221, 0.022437942311167716, 0.02366705174744129, 0.022940196484327317, 0.023524816185235976, 0.023189287200570105, 0.021162669390439988, 0.023614286109805108, 0.021027662813663483, 0.021829471811652183, 0.021708927407860755, 0.02154224395751953, 0.022195345416665076, 0.020426758512854575, 0.02185569544136524, 0.023301775678992272, 0.020036405816674232, 0.022468272984027864, 0.01971810694038868, 0.022153813913464545, 0.020080757439136506, 0.021005922555923463, 0.021285979837179184, 0.018648216784000398, 0.021133518263697623, 0.017565001413226127, 0.02094176071882248, 0.018046256870031356, 0.020877021104097365, 0.01901328928768635, 0.018515019677579403, 0.02067501325905323, 0.01701653519272804, 0.01995875761657953, 0.01696170274913311, 0.021217323452234267, 0.01910811512172222, 0.017509099811315536]}