{"acc": [0.0, 0.0005], "loss": [0.23013432705402373, 0.11991261559724807], "mean_absolute_error": [0.3955955111980438, 0.30008184361457824]}