val_mean_squared_error,0.07249241491325763
lr,0.001
loss,0.09655916893482208
val_mean_absolute_error,0.21874093495998062
mean_squared_error,0.09655916893482208
val_loss,0.07249241491325763
mean_absolute_error,0.27784015822410585
