val_mean_absolute_error,0.28682312143950905
val_loss,0.11645799537165825
loss,0.8435062327384949
mean_absolute_error,0.7157482576370239
mean_squared_error,0.8435062327384949
lr,0.001
val_mean_squared_error,0.11645799537165825
