val_mean_absolute_error,0.4119219592138499
lr,0.001
loss,0.3562228634357452
val_mean_squared_error,0.23578964236403713
val_loss,0.23578964236403713
mean_absolute_error,0.5095279624462128
mean_squared_error,0.3562228634357452
