val_mean_squared_error,0.06333910520462428
lr,0.001
val_mean_absolute_error,0.21190403289153797
mean_absolute_error,0.23965011405944825
loss,0.07598621928691864
mean_squared_error,0.07598621928691864
val_loss,0.06333910520462428
