val_mean_squared_error,0.14893572320457266
mean_absolute_error,0.7861020426750183
mean_squared_error,1.1664394631385804
val_loss,0.14893572320457266
loss,1.1664394631385804
val_mean_absolute_error,0.32391478409286306
lr,0.001
