val_mean_absolute_error,0.21874093495998062
val_loss,0.07249241491325763
mean_squared_error,0.09655916893482208
mean_absolute_error,0.27784015822410585
lr,0.001
val_mean_squared_error,0.07249241491325763
loss,0.09655916893482208
